<?xml version="1.0" encoding="UTF-8"?>
<project-private xmlns="http://www.netbeans.org/ns/project-private/1">
    <editor-bookmarks xmlns="http://www.netbeans.org/ns/editor-bookmarks/2" lastBookmarkId="0"/>
    <open-files xmlns="http://www.netbeans.org/ns/projectui-open-files/2">
        <group>
            <file>file:/Users/csmith119/Desktop/HW1/HW1/web/style/elkin.css</file>
            <file>file:/Users/csmith119/Desktop/HW1/HW1/web/style/smith.css</file>
            <file>file:/Users/csmith119/Desktop/HW1/HW1/web/smith.html</file>
            <file>file:/Users/csmith119/Desktop/HW1/HW1/web/elkin.html</file>
        </group>
    </open-files>
</project-private>
